name,email,gender
Lianne,ltweedie0@deliciousdays.com,Female
Roy,rdanbury1@printfriendly.com,Female
Lucias,lgeldeard2@loc.gov,Male
Collen,cblumer3@tamu.edu,Male
Tan,tsurgood4@hp.com,Male
Nell,ndalman5@shop-pro.jp,Female
Stacy,sgreaser6@altervista.org,Male
Gerti,gheaford7@prnewswire.com,Female
Arron,astringfellow8@hp.com,Female
Emmery,ecastlake9@sina.com.cn,Male
Cordell,clibbeya@webeden.co.uk,Male
Merrily,mstubbinb@earthlink.net,Female
Charita,cwarryc@wufoo.com,Male
Marijn,mdietzd@smugmug.com,Female
Sherlocke,sballentimee@booking.com,Female
Aurilia,ajuszkiewiczf@live.com,Male
Brooke,bpickersgillg@ameblo.jp,Male
Rogers,rrichardesh@nasa.gov,Male
Filia,fsanperei@chronoengine.com,Male
Ardelle,alongfutj@de.vu,Male
Floria,faskhamk@youtube.com,Female
Gilli,gmatyasikl@globo.com,Female
Don,dclaricoatsm@linkedin.com,Female
Clarissa,ccrocomben@ycombinator.com,Male
Brion,batyeoo@geocities.com,Female
Nikkie,ncasadop@fda.gov,Male
Hermy,hidleq@yellowpages.com,Female
Mureil,mmilwardr@is.gd,Male
Lotte,lgerratys@geocities.jp,Female
Tabby,tcrunkhurnt@cdbaby.com,Male
Rock,rsliddersu@prnewswire.com,Male
Ruth,rgrimav@list-manage.com,Male
Aggie,adoblinw@vinaora.com,Male
Lou,lpoacherx@slate.com,Male
Evelina,ecampey@cyberchimps.com,Female
Darsie,dtitcombez@zimbio.com,Female
Babs,bagirre10@cbslocal.com,Female
Benjie,batkin11@jalbum.net,Female
Gordan,gsilwood12@eepurl.com,Male
Kahaleel,kbanaszkiewicz13@nymag.com,Female
Rosa,rcarlsson14@google.nl,Male
Marilee,mbutterick15@clickbank.net,Male
Livy,lhourihane16@unesco.org,Female
Stafford,sbrunn17@com.com,Male
Lennie,lramlot18@dailymail.co.uk,Male
Edouard,etather19@globo.com,Male
Nickey,nlord1a@t.co,Male
Nesta,nbednall1b@toplist.cz,Female
Delmore,drattery1c@webmd.com,Female
Eilis,ebulmer1d@addthis.com,Female
Tito,tfleury1e@samsung.com,Male
Angus,abettam1f@lycos.com,Female
Stevy,sianson1g@businessweek.com,Female
Curry,cspillett1h@symantec.com,Male
Rianon,rsitlinton1i@senate.gov,Female
Dalli,dfirmager1j@skype.com,Female
Natty,nsharland1k@state.tx.us,Male
Wittie,wrosellini1l@merriam-webster.com,Male
Aloysia,abonnick1m@people.com.cn,Female
Carlen,cspurier1n@shutterfly.com,Male
Vallie,vtevelov1o@blog.com,Female
Neal,nkarlik1p@loc.gov,Female
Lenora,lskinn1q@soup.io,Male
Sephira,skubacki1r@oracle.com,Female
Mattie,msheridan1s@gizmodo.com,Female
Nathaniel,njemison1t@ovh.net,Male
Cassy,cvenables1u@bandcamp.com,Female
Ophelie,ohibbart1v@webs.com,Male
Danielle,doxburgh1w@elegantthemes.com,Female
Marty,mlambart1x@barnesandnoble.com,Female
Ashil,ascotchmur1y@vimeo.com,Female
Piper,pduffield1z@yale.edu,Female
Sutherlan,swhitlam20@hao123.com,Female
Rollin,rsharples21@tuttocitta.it,Female
Malvina,mlorant22@sohu.com,Female
Catlaina,cpollett23@forbes.com,Female
Thibaud,tcalwell24@google.com.au,Male
Giacomo,gwiddup25@cmu.edu,Female
Shel,skneafsey26@dailymotion.com,Male
Stanton,snormavill27@vk.com,Male
Maxie,mbille28@tmall.com,Male
Evita,edelea29@is.gd,Female
Erminia,eroyste2a@deviantart.com,Female
Fernandina,fgerram2b@t-online.de,Male
Josee,jdenk2c@discuz.net,Female
Joice,jhearnden2d@ycombinator.com,Female
Tabatha,tschoenleiter2e@a8.net,Female
Odessa,ogudyer2f@china.com.cn,Female
Jereme,jbiggerdike2g@mac.com,Male
Jack,jgutridge2h@themeforest.net,Male
Alysa,ajerrand2i@ifeng.com,Female
Noni,nmechic2j@barnesandnoble.com,Male
Gabriela,gatwool2k@wunderground.com,Female
Gennifer,gmegroff2l@rakuten.co.jp,Female
Putnem,pmanhood2m@devhub.com,Male
Gradey,gstennett2n@bizjournals.com,Male
Jojo,jcragoe2o@nymag.com,Male
Vanni,vmacbrearty2p@joomla.org,Female
Ingaberg,ireffe2q@last.fm,Female
Starlin,svanschafflaer2r@newsvine.com,Male
